Request ID;Test suite name;Test case name;Endpoint;Method;Status Code;Start time;Duration till headers received[ms];Duration till body received[ms];Request Body Length;Response Body Length;Test Result
1;App;Suite Setup;/g/aaa/authenticate;POST;200;2023-03-14 19:54:46.310;303;307;74;588;PASS
2;App;Suite Setup;/g/aaa/authorize;POST;200;2023-03-14 19:54:46.627;2488;2492;697;2575;PASS
3;App;Suite Setup;/g/user/list;GET;200;2023-03-14 19:54:49.151;774;778;0;175;PASS
4;App;Suite Setup;/g/aaa/logout;POST;204;2023-03-14 19:54:49.939;1491;1494;2;0;PASS
5;App;Suite Setup;/g/aaa/authenticate;POST;200;2023-03-14 19:54:51.447;371;374;82;586;PASS
6;App;Suite Setup;/g/aaa/authorize;POST;200;2023-03-14 19:54:51.831;683;686;697;2071;PASS
7;App;Suite Setup;/g/user/list;GET;200;2023-03-14 19:54:52.543;48;50;0;178;PASS
8;App;Suite Setup;/g/aaa/logout;POST;204;2023-03-14 19:54:52.602;70;73;2;0;PASS
9;App;Suite Setup;/g/aaa/authenticate;POST;200;2023-03-14 19:54:52.688;42;44;83;588;PASS
10;App;Suite Setup;/g/aaa/authorize;POST;200;2023-03-14 19:54:52.740;147;149;697;1608;PASS
11;App;Suite Setup;/g/user/list;GET;200;2023-03-14 19:54:52.914;578;581;0;183;PASS
12;App;Suite Setup;/g/aaa/logout;POST;204;2023-03-14 19:54:53.504;1173;1175;2;0;PASS
13;Login;Login as Reseller user;/g/aaa/authenticate;POST;200;2023-03-14 19:54:54.826;61;63;82;587;PASS
14;Login;Login as Reseller user;/g/aaa/authorize;POST;200;2023-03-14 19:54:54.902;760;764;697;2071;PASS
15;Login;Login as Reseller user;/g/user/list;GET;200;2023-03-14 19:54:55.686;23;26;0;178;PASS
16;Login;Login as Distributor user;/g/aaa/authenticate;POST;200;2023-03-14 19:54:55.726;310;313;74;586;PASS
17;Login;Login as Distributor user;/g/aaa/authorize;POST;200;2023-03-14 19:54:56.050;1840;1844;697;2574;PASS
18;Login;Login as Distributor user;/g/user/list;GET;200;2023-03-14 19:54:57.915;518;521;0;175;PASS
19;Login;Login as End user;/g/aaa/authenticate;POST;200;2023-03-14 19:54:58.450;50;53;83;589;PASS
20;Login;Login as End user;/g/aaa/authorize;POST;200;2023-03-14 19:54:58.512;108;111;697;1608;PASS
21;Login;Login as End user;/g/user/list;GET;200;2023-03-14 19:54:58.642;19;21;0;182;PASS
22;Logout;Logout as a Reseller User;/g/aaa/authenticate;POST;200;2023-03-14 19:54:58.758;86;88;82;587;PASS
23;Logout;Logout as a Reseller User;/g/aaa/authorize;POST;200;2023-03-14 19:54:58.855;799;804;697;2071;PASS
24;Logout;Logout as a Reseller User;/g/aaa/logout;POST;204;2023-03-14 19:54:59.668;56;60;2;0;PASS
25;Logout;Logout as a Reseller User;/g/user/list;GET;401;2023-03-14 19:54:59.739;16;18;0;24;PASS
26;Logout;Logout as a Distributor User;/g/aaa/authenticate;POST;200;2023-03-14 19:54:59.774;310;312;74;587;PASS
27;Logout;Logout as a Distributor User;/g/aaa/authorize;POST;200;2023-03-14 19:55:00.095;1804;1808;697;2574;PASS
28;Logout;Logout as a Distributor User;/g/aaa/logout;POST;204;2023-03-14 19:55:01.911;1720;1728;2;0;PASS
29;Logout;Logout as a Distributor User;/g/user/list;GET;401;2023-03-14 19:55:03.648;0;13;0;24;PASS
30;Logout;Logout as an End User;/g/aaa/authenticate;POST;200;2023-03-14 19:55:03.675;51;54;83;589;PASS
31;Logout;Logout as an End User;/g/aaa/authorize;POST;200;2023-03-14 19:55:03.737;664;667;697;1609;PASS
32;Logout;Logout as an End User;/g/aaa/logout;POST;204;2023-03-14 19:55:04.411;50;54;2;0;PASS
33;Logout;Logout as an End User;/g/user/list;GET;401;2023-03-14 19:55:04.475;10;13;0;24;PASS
34;Logout;Try to logout without session cookie;/g/aaa/logout;POST;401;2023-03-14 19:55:04.502;43;47;2;12;PASS
35;Logout;Try to logout without session cookie;/g/user/list;GET;401;2023-03-14 19:55:04.557;30;33;0;24;PASS
36;Authenticate;Try to authenticate with wrong password;/g/aaa/authenticate;POST;401;2023-03-14 19:55:04.698;45;47;84;12;PASS
37;Authenticate;Try to authenticate with wrong password;/g/user/list;GET;401;2023-03-14 19:55:04.755;17;20;0;24;PASS
38;Authenticate;Try to authenticate without password;/g/aaa/authenticate;POST;400;2023-03-14 19:55:04.790;98;100;55;42;PASS
39;Authenticate;Try to authenticate without password;/g/user/list;GET;401;2023-03-14 19:55:04.900;23;25;0;24;PASS
40;Authenticate;Try to authenticate without username;/g/aaa/authenticate;POST;400;2023-03-14 19:55:04.941;57;59;28;42;PASS
41;Authenticate;Try to authenticate without username;/g/user/list;GET;401;2023-03-14 19:55:05.010;548;550;0;24;PASS
42;Authenticate;Try to authenticate with an unexpected argument;/g/aaa/authenticate;POST;400;2023-03-14 19:55:05.630;27;30;142;47;PASS
43;Authenticate;Try to authenticate without username and password;/g/aaa/authenticate;POST;400;2023-03-14 19:55:05.676;30;32;2;54;PASS
44;Authenticate;Try to authenticate without username and password;/g/user/list;GET;401;2023-03-14 19:55:05.718;6;9;0;24;PASS
45;Authenticate;Try to authenticate with empty password;/g/aaa/authenticate;POST;401;2023-03-14 19:55:05.743;30;36;71;12;PASS
46;Authenticate;Try to authenticate with non-existing user;/g/aaa/authenticate;POST;401;2023-03-14 19:55:05.802;145;147;72;12;PASS
47;Authenticate;Check authentication is valid;/g/aaa/authenticate;POST;200;2023-03-14 19:55:05.965;775;778;83;589;PASS
48;Authenticate;Check authentication is valid;/g/aaa/authorize;POST;200;2023-03-14 19:55:06.755;110;122;697;1609;PASS
49;Authenticate;Check authentication is valid;/g/aaa/isauth;GET;200;2023-03-14 19:55:06.904;30;38;0;4;PASS
50;Authenticate;Try to check authentication without session cookie;/g/aaa/isauth;GET;401;2023-03-14 19:55:06.958;26;28;0;24;PASS
51;Authenticate;Authenticate - TFA;/g/aaa/authenticate;POST;200;2023-03-14 19:55:07.002;121;124;88;680;PASS
52;Authenticate;Authenticate - TFA;/g/aaa/two_factor_authenticate;POST;200;2023-03-14 19:55:07.135;525;527;740;4;PASS
53;Authorize;Try to authorize with invalid token;/g/aaa/authorize;POST;401;2023-03-14 19:55:07.719;20;32;23;12;PASS
54;Authorize;Try to authorize with missing token;/g/aaa/authorize;POST;400;2023-03-14 19:55:07.766;34;36;2;39;PASS
55;Authorize;Try to authorize with an unexpected argument as End user;/g/aaa/authenticate;POST;200;2023-03-14 19:55:07.818;56;58;83;585;PASS
56;Authorize;Try to authorize with an unexpected argument as End user;/g/aaa/authorize;POST;400;2023-03-14 19:55:07.895;16;19;735;49;PASS
57;Forgot Password;Initiate forgot password;/g/aaa/forgot_password;POST;202;2023-03-14 19:55:08.009;354;357;53;8;PASS
58;Forgot Password;Try to initiate forgot password with an unexpected argument;/g/aaa/forgot_password;POST;400;2023-03-14 19:55:08.396;0;35;42;33;PASS
59;Forgot Password;Try to initiate forgot password with not registered mail;/g/aaa/forgot_password;POST;202;2023-03-14 19:55:08.445;31;34;38;8;PASS
61;Reset Password;Try to reset password with an unexpected argument;/g/aaa/reset_password;POST;400;2023-03-14 19:55:08.641;48;52;30;33;PASS
62;Reset Password;Try to reset password with invalid token;/g/aaa/reset_password;POST;406;2023-03-14 19:55:08.712;30;33;92;14;PASS
64;Check Reset Password Token;Try to check reset password token with an unexpected argument;/g/aaa/check_pw_reset_token;POST;400;2023-03-14 19:55:16.843;40;48;38;26;PASS
65;Check Reset Password Token;Try to check reset password token with invalid token;/g/aaa/check_pw_reset_token;POST;406;2023-03-14 19:55:16.908;2005;2009;61;14;PASS
66;Check Reset Password Token;Check reset password token for active Reseller user;/g/aaa/authenticate;POST;200;2023-03-14 19:55:18.937;663;666;82;587;PASS
67;Check Reset Password Token;Check reset password token for active Reseller user;/g/aaa/authorize;POST;200;2023-03-14 19:55:19.612;677;680;697;2071;PASS
68;Check Reset Password Token;Check reset password token for active Reseller user;/g/user;PUT;200;2023-03-14 19:55:20.337;134;138;107;24;PASS
69;Check Reset Password Token;Check reset password token for active Reseller user;/g/aaa/change_password;POST;200;2023-03-14 19:55:20.502;101;104;49;24;PASS
70;Check Reset Password Token;Check reset password token for active Reseller user;/g/user;POST;200;2023-03-14 19:55:20.620;164;167;36;24;PASS
71;Check Reset Password Token;Check reset password token for active Reseller user;/g/aaa/forgot_password;POST;202;2023-03-14 19:55:20.797;424;428;49;8;PASS
72;Check Reset Password Token;Check reset password token for active Reseller user;/g/aaa/check_pw_reset_token;POST;202;2023-03-14 19:55:24.111;58;62;61;8;PASS
73;Check Reset Password Token;Check reset password token for active Reseller user;/g/user;DELETE;200;2023-03-14 19:55:24.185;3576;3578;0;4;PASS
74;Check Reset Password Token;Check reset password token for active Distributor user;/g/aaa/authenticate;POST;200;2023-03-14 19:55:27.781;288;292;74;587;PASS
75;Check Reset Password Token;Check reset password token for active Distributor user;/g/aaa/authorize;POST;200;2023-03-14 19:55:28.083;1754;1758;697;2575;PASS
76;Check Reset Password Token;Check reset password token for active Distributor user;/g/user;PUT;200;2023-03-14 19:55:29.893;2835;2839;107;24;PASS
77;Check Reset Password Token;Check reset password token for active Distributor user;/g/aaa/change_password;POST;200;2023-03-14 19:55:32.743;2132;2136;49;24;PASS
78;Check Reset Password Token;Check reset password token for active Distributor user;/g/user;POST;200;2023-03-14 19:55:34.888;5465;5468;36;24;PASS
79;Check Reset Password Token;Check reset password token for active Distributor user;/g/aaa/forgot_password;POST;202;2023-03-14 19:55:40.365;4941;4944;49;8;PASS
80;Check Reset Password Token;Check reset password token for active Distributor user;/g/aaa/check_pw_reset_token;POST;202;2023-03-14 19:55:47.449;1946;1949;61;8;PASS
81;Check Reset Password Token;Check reset password token for active Distributor user;/g/user;DELETE;200;2023-03-14 19:55:49.409;2466;2470;0;4;PASS
82;Check Reset Password Token;Check reset password token for active End user;/g/aaa/authenticate;POST;200;2023-03-14 19:55:51.896;55;58;83;590;PASS
83;Check Reset Password Token;Check reset password token for active End user;/g/aaa/authorize;POST;200;2023-03-14 19:55:51.964;110;114;697;1608;PASS
84;Check Reset Password Token;Check reset password token for active End user;/g/user;PUT;200;2023-03-14 19:55:52.130;163;166;107;24;PASS
85;Check Reset Password Token;Check reset password token for active End user;/g/aaa/change_password;POST;200;2023-03-14 19:55:52.308;80;84;49;24;PASS
86;Check Reset Password Token;Check reset password token for active End user;/g/user;POST;200;2023-03-14 19:55:52.401;1685;1688;36;24;PASS
87;Check Reset Password Token;Check reset password token for active End user;/g/aaa/forgot_password;POST;202;2023-03-14 19:55:54.103;410;414;49;8;PASS
88;Check Reset Password Token;Check reset password token for active End user;/g/aaa/check_pw_reset_token;POST;202;2023-03-14 19:55:57.896;57;61;61;8;PASS
89;Check Reset Password Token;Check reset password token for active End user;/g/user;DELETE;200;2023-03-14 19:55:57.969;78;82;0;4;PASS
90;Check Reset Password Token;Try to check reset password token for disabled Reseller user;/g/aaa/authenticate;POST;200;2023-03-14 19:55:58.068;101;104;82;586;PASS
91;Check Reset Password Token;Try to check reset password token for disabled Reseller user;/g/aaa/authorize;POST;200;2023-03-14 19:55:58.182;676;680;697;2071;PASS
92;Check Reset Password Token;Try to check reset password token for disabled Reseller user;/g/user;PUT;200;2023-03-14 19:55:58.918;238;241;107;24;PASS
93;Check Reset Password Token;Try to check reset password token for disabled Reseller user;/g/aaa/change_password;POST;200;2023-03-14 19:55:59.177;103;107;49;24;PASS
94;Check Reset Password Token;Try to check reset password token for disabled Reseller user;/g/user;POST;200;2023-03-14 19:55:59.292;132;135;36;24;PASS
95;Check Reset Password Token;Try to check reset password token for disabled Reseller user;/g/aaa/forgot_password;POST;202;2023-03-14 19:55:59.437;381;385;49;8;PASS
96;Check Reset Password Token;Try to check reset password token for disabled Reseller user;/g/user;POST;200;2023-03-14 19:56:03.526;136;140;36;24;PASS
97;Check Reset Password Token;Try to check reset password token for disabled Reseller user;/g/aaa/check_pw_reset_token;POST;412;2023-03-14 19:56:03.674;59;62;61;19;PASS
98;Check Reset Password Token;Try to check reset password token for disabled Reseller user;/g/user;DELETE;200;2023-03-14 19:56:03.747;98;101;0;4;PASS
99;Check Reset Password Token;Try to check reset password token for disabled Distributor user;/g/aaa/authenticate;POST;200;2023-03-14 19:56:03.866;360;371;74;588;PASS
100;Check Reset Password Token;Try to check reset password token for disabled Distributor user;/g/aaa/authorize;POST;200;2023-03-14 19:56:04.247;1754;1757;697;2575;PASS
101;Check Reset Password Token;Try to check reset password token for disabled Distributor user;/g/user;PUT;200;2023-03-14 19:56:06.066;2580;2584;107;24;PASS
102;Check Reset Password Token;Try to check reset password token for disabled Distributor user;/g/aaa/change_password;POST;200;2023-03-14 19:56:08.670;1971;1975;49;24;PASS
103;Check Reset Password Token;Try to check reset password token for disabled Distributor user;/g/user;POST;200;2023-03-14 19:56:10.655;4647;4650;36;24;PASS
104;Check Reset Password Token;Try to check reset password token for disabled Distributor user;/g/aaa/forgot_password;POST;202;2023-03-14 19:56:15.314;5100;5187;49;8;PASS
105;Check Reset Password Token;Try to check reset password token for disabled Distributor user;/g/user;POST;200;2023-03-14 19:56:22.600;4704;4708;36;24;PASS
106;Check Reset Password Token;Try to check reset password token for disabled Distributor user;/g/aaa/check_pw_reset_token;POST;412;2023-03-14 19:56:27.316;2348;2352;61;19;PASS
107;Check Reset Password Token;Try to check reset password token for disabled Distributor user;/g/user;DELETE;200;2023-03-14 19:56:29.684;2457;2468;0;4;PASS
108;Check Reset Password Token;Try to check reset password token for disabled End user;/g/aaa/authenticate;POST;200;2023-03-14 19:56:32.173;127;131;83;585;PASS
109;Check Reset Password Token;Try to check reset password token for disabled End user;/g/aaa/authorize;POST;200;2023-03-14 19:56:32.330;120;129;697;1609;PASS
110;Check Reset Password Token;Try to check reset password token for disabled End user;/g/user;PUT;200;2023-03-14 19:56:32.526;1098;1103;107;24;PASS
111;Check Reset Password Token;Try to check reset password token for disabled End user;/g/aaa/change_password;POST;200;2023-03-14 19:56:33.647;1274;1279;49;24;PASS
112;Check Reset Password Token;Try to check reset password token for disabled End user;/g/user;POST;200;2023-03-14 19:56:34.935;157;160;36;24;PASS
113;Check Reset Password Token;Try to check reset password token for disabled End user;/g/aaa/forgot_password;POST;202;2023-03-14 19:56:35.105;633;637;49;8;PASS
114;Check Reset Password Token;Try to check reset password token for disabled End user;/g/user;POST;200;2023-03-14 19:56:38.423;165;168;36;24;PASS
115;Check Reset Password Token;Try to check reset password token for disabled End user;/g/aaa/check_pw_reset_token;POST;412;2023-03-14 19:56:38.598;76;79;61;19;PASS
116;Check Reset Password Token;Try to check reset password token for disabled End user;/g/user;DELETE;200;2023-03-14 19:56:38.690;100;107;0;4;PASS
117;API call validate token;Suite Setup;/g/aaa/authenticate;POST;200;2023-03-14 19:56:38.954;45;47;82;588;PASS
118;API call validate token;Suite Setup;/g/aaa/authorize;POST;200;2023-03-14 19:56:39.013;1148;1151;697;2070;PASS
119;API call validate token;Validate Token - Old Argument (T) - POST;/g/aaa/vt;POST;200;2023-03-14 19:56:40.194;46;50;46;580;PASS
120;API call validate token;Try to validate token with new argument (TOKENS) - POST;/g/aaa/vt;POST;400;2023-03-14 19:56:40.262;60;63;51;27;PASS
121;API call validate token;Validate Token - Invalid Argument - POST;/g/aaa/vt;POST;400;2023-03-14 19:56:40.338;45;49;48;24;PASS
122;API call validate token;Suite Teardown;/g/aaa/logout;POST;204;2023-03-14 19:56:40.400;73;77;2;0;PASS
123;API calls with invalid id email;Suite Setup;/g/aaa/authenticate;POST;200;2023-03-14 19:56:40.630;145;148;82;586;PASS
124;API calls with invalid id email;Suite Setup;/g/aaa/authorize;POST;200;2023-03-14 19:56:40.789;675;678;697;2071;PASS
125;API calls with invalid id email;Try to Resend Registration Email with an invalid email address;/g/aaa/resend_registration_email;POST;404;2023-03-14 19:56:41.501;46;49;38;9;PASS
126;API calls with invalid id email;Try to Resend User Verification Email with an invalid email address;/g/aaa/resend_user_verification_email;POST;404;2023-03-14 19:56:41.569;48;51;38;9;PASS
127;API calls with invalid id email;Try to Switch Account with an invalid account ID;/g/aaa/switch_account;POST;404;2023-03-14 19:56:41.635;41;44;26;9;PASS
129;Get List Of Accounts;Suite Setup;/g/aaa/authenticate;POST;200;2023-03-14 19:56:42.128;37;40;82;587;PASS
130;Get List Of Accounts;Suite Setup;/g/aaa/authorize;POST;200;2023-03-14 19:56:42.177;729;733;697;2070;PASS
131;Get List Of Accounts;Get list of accounts - using /g/account/list;/g/account/list;GET;200;2023-03-14 19:56:42.940;106;112;0;1816;PASS
132;Get List Of Accounts;Get list of accounts - using /g/list/accounts;/g/list/accounts;GET;200;2023-03-14 19:56:43.089;156;161;0;1816;PASS
133;Get List Of Accounts;Try to Get List of Accounts with an unexpected argument - using /g/account/list;/g/account/list;GET;400;2023-03-14 19:56:43.309;37;40;0;23;PASS
134;Get List Of Accounts;Try to Get List of Accounts with an unexpected argument- using /g/list/accounts;/g/list/accounts;GET;400;2023-03-14 19:56:43.432;39;41;0;40;PASS
135;Get List Of Accounts;Suite Teardown;/g/aaa/logout;POST;204;2023-03-14 19:56:43.485;92;95;2;0;PASS
136;Standard Accounts;Try to create standard account with an unexpected argument;/g/aaa/create_account;POST;400;2023-03-14 19:56:43.695;379;382;29;25;PASS
137;Standard Accounts;Try to create standard account with unverifiable information;/g/aaa/create_account;POST;406;2023-03-14 19:56:44.100;60;63;110;14;PASS
138;Standard Accounts;Try to create standard account for an already existing email address;/g/aaa/create_account;POST;409;2023-03-14 19:56:44.182;125;128;100;18;PASS
139;End User Accounts;Suite Setup;/g/aaa/authenticate;POST;200;2023-03-14 19:56:44.428;44;47;82;587;PASS
140;End User Accounts;Suite Setup;/g/aaa/authorize;POST;200;2023-03-14 19:56:44.485;889;892;697;2071;PASS
141;End User Accounts;Get End-User Account;/g/account/list;GET;200;2023-03-14 19:56:45.405;106;112;0;1817;PASS
142;End User Accounts;Get End-User Account;/g/account;GET;200;2023-03-14 19:56:45.527;61;64;0;1419;PASS
143;End User Accounts;Try to create account with already registered email;/g/account;PUT;409;2023-03-14 19:56:45.626;83;87;196;18;PASS
144;End User Accounts;Suite Teardown;/g/aaa/logout;POST;204;2023-03-14 19:56:45.725;75;79;2;0;PASS
145;API calls with unexpected arguments;Suite Setup;/g/aaa/authenticate;POST;200;2023-03-14 19:56:45.925;90;93;82;588;PASS
146;API calls with unexpected arguments;Suite Setup;/g/aaa/authorize;POST;200;2023-03-14 19:56:46.028;695;698;697;2072;PASS
147;API calls with unexpected arguments;Try to Create Account with an unexpected argument;/g/account;PUT;400;2023-03-14 19:56:46.769;55;58;45;39;PASS
148;API calls with unexpected arguments;Try to Get Account with an unexpected argument;/g/account/list;GET;200;2023-03-14 19:56:46.840;112;118;0;1817;PASS
149;API calls with unexpected arguments;Try to Get Account with an unexpected argument;/g/account;GET;400;2023-03-14 19:56:46.983;40;43;0;35;PASS
150;API calls with unexpected arguments;Try to Get a non-existing Account with an unexpected argument;/g/account;GET;400;2023-03-14 19:56:47.056;43;47;0;36;PASS
151;API calls with unexpected arguments;Try to Update Account with an unexpected argument;/g/account/list;GET;200;2023-03-14 19:56:47.117;106;113;0;1817;PASS
152;API calls with unexpected arguments;Try to Update Account with an unexpected argument;/g/account;POST;400;2023-03-14 19:56:47.263;53;56;58;32;PASS
153;API calls with unexpected arguments;Try to Update a non-existing Account with an unexpected argument;/g/account;POST;400;2023-03-14 19:56:47.349;41;45;40;26;PASS
154;API calls with unexpected arguments;Try to Delete Account with an unexpected argument;/g/account/list;GET;200;2023-03-14 19:56:47.409;98;103;0;1817;PASS
155;API calls with unexpected arguments;Try to Delete Account with an unexpected argument;/g/account;DELETE;400;2023-03-14 19:56:47.538;450;453;0;48;PASS
156;API calls with unexpected arguments;Try to Delete a non-existing Account with an unexpected argument;/g/account;DELETE;400;2023-03-14 19:56:48.021;70;73;0;35;PASS
158;API calls with invalid account id;Suite Setup;/g/aaa/authenticate;POST;200;2023-03-14 19:56:48.293;338;340;82;586;PASS
159;API calls with invalid account id;Suite Setup;/g/aaa/authorize;POST;200;2023-03-14 19:56:48.644;1220;1227;697;2071;PASS
160;API calls with invalid account id;Try to Get Account with an invalid account ID;/g/account;GET;404;2023-03-14 19:56:49.904;43;46;0;9;PASS
161;API calls with invalid account id;Try to Update Account with an invalid account ID;/g/account;POST;404;2023-03-14 19:56:49.980;57;60;18;9;PASS
162;API calls with invalid account id;Try to Delete Account with an invalid account ID;/g/account;DELETE;404;2023-03-14 19:56:50.055;67;70;0;9;PASS
164;Put Client Audit;Suite Setup;/g/aaa/authenticate;POST;200;2023-03-14 19:56:50.318;50;53;83;588;PASS
165;Put Client Audit;Suite Setup;/g/aaa/authorize;POST;200;2023-03-14 19:56:50.381;1368;1371;697;1609;PASS
166;Put Client Audit;PUT ClientAudit - with valid layout id parameter;/g/layout/list;GET;200;2023-03-14 19:56:51.782;44;47;0;161;PASS
167;Put Client Audit;PUT ClientAudit - with valid layout id parameter;/g/api/v2/ClientAudit;PUT;200;2023-03-14 19:56:51.839;47;50;91;67;PASS
168;Get Brand;Suite Setup;/g/aaa/authenticate;POST;200;2023-03-14 19:56:51.988;617;620;83;588;PASS
169;Get Brand;Suite Setup;/g/aaa/authorize;POST;200;2023-03-14 19:56:52.616;112;114;697;1609;PASS
170;Get Brand;Get brand information - with valid subdomain parameter;/g/brand;GET;200;2023-03-14 19:56:52.759;88;91;0;232;PASS
171;Get Brand;Try to get brand information - without subdomain parameter;/g/brand;GET;400;2023-03-14 19:56:52.864;40;42;0;43;PASS
172;Get Brand;Try to get brand information - with an unexpected argument;/g/brand;GET;400;2023-03-14 19:56:52.930;48;51;0;35;PASS
173;Get List Of Devices;Suite Setup;/g/aaa/authenticate;POST;200;2023-03-14 19:56:53.095;77;79;83;589;PASS
174;Get List Of Devices;Suite Setup;/g/aaa/authorize;POST;200;2023-03-14 19:56:53.183;777;780;697;1609;PASS
175;Get List Of Devices;Get List of Bridges - using /g/list/devices;/g/list/devices;GET;200;2023-03-14 19:56:53.993;110;113;0;309;PASS
176;Get List Of Devices;Get List of Bridges - using g/device/list;/g/device/list;GET;200;2023-03-14 19:56:54.123;88;91;0;310;PASS
177;Get List Of Devices;Get List of Bridges - using g/web/list/devices;/g/web/list/devices;GET;200;2023-03-14 19:56:54.231;90;99;0;309;PASS
178;Get List Of Devices;Get List of Cameras - using /g/list/devices;/g/list/devices;GET;200;2023-03-14 19:56:54.346;4360;4364;0;1169;PASS
179;Get List Of Devices;Get List of Cameras - using g/device/list;/g/device/list;GET;200;2023-03-14 19:56:58.738;4777;4780;0;1169;PASS
180;Get List Of Devices;Get List of Cameras - using g/web/list/devices;/g/web/list/devices;GET;200;2023-03-14 19:57:03.546;4378;4382;0;1169;PASS
181;Get List Of Devices;Suite Teardown;/g/aaa/logout;POST;204;2023-03-14 19:57:07.953;78;80;2;0;PASS
182;Add Bridges;Suite Setup;/g/aaa/authenticate;POST;200;2023-03-14 19:57:08.149;55;58;83;585;PASS
183;Add Bridges;Suite Setup;/g/aaa/authorize;POST;200;2023-03-14 19:57:08.217;200;273;697;1609;PASS
184;Add Bridges;Add a Bridge Correctly;/g/list/devices;GET;200;2023-03-14 19:57:08.523;1380;1390;0;310;PASS
185;Add Bridges;Add a Bridge Correctly;/g/device;PUT;200;2023-03-14 19:57:09.947;3244;3247;67;24;PASS
186;Add Bridges;Add a Bridge Correctly;/g/list/devices;GET;200;2023-03-14 19:57:13.203;118;122;0;385;PASS
187;Add Bridges;Add a Bridge Correctly;/g/list/devices;GET;200;2023-03-14 19:57:13.337;333;336;0;385;PASS
188;Add Bridges;Add a Bridge Correctly;/g/device;DELETE;200;2023-03-14 19:57:13.686;674;679;0;5;PASS
189;Add Bridges;Add a Bridge Correctly;/g/list/devices;GET;200;2023-03-14 19:57:14.374;592;596;0;310;PASS
190;Add Bridges;Try to add an already added bridge;/g/list/devices;GET;200;2023-03-14 19:57:15.012;585;589;0;309;PASS
191;Add Bridges;Try to add an already added bridge;/g/device;PUT;200;2023-03-14 19:57:15.613;2507;2510;67;24;PASS
192;Add Bridges;Try to add an already added bridge;/g/device;PUT;409;2023-03-14 19:57:18.134;332;336;67;18;PASS
193;Add Bridges;Try to add an already added bridge;/g/list/devices;GET;200;2023-03-14 19:57:18.481;122;126;0;385;PASS
194;Add Bridges;Try to add an already added bridge;/g/device;DELETE;200;2023-03-14 19:57:18.617;812;815;0;5;PASS
195;Add Bridges;Try to add an already added bridge;/g/list/devices;GET;200;2023-03-14 19:57:19.443;195;198;0;310;PASS
196;Add Bridges;Try to Add a Bridge with invalid GUID;/g/device;PUT;404;2023-03-14 19:57:19.660;200;205;68;9;PASS
197;Add Bridges;Try to Add a Bridge with invalid GUID;/g/list/devices;GET;200;2023-03-14 19:57:19.878;118;121;0;310;PASS
198;Add Cameras;Suite Setup;/g/aaa/authenticate;POST;200;2023-03-14 19:57:20.133;52;55;83;588;PASS
199;Add Cameras;Suite Setup;/g/aaa/authorize;POST;200;2023-03-14 19:57:20.199;113;117;697;1609;PASS
200;Add Cameras;Add A Camera Correctly;/g/list/devices;GET;200;2023-03-14 19:57:20.366;4608;4612;0;1169;PASS
201;Add Cameras;Add A Camera Correctly;/g/device;PUT;200;2023-03-14 19:57:25.011;1176;1180;118;24;PASS
202;Add Cameras;Add A Camera Correctly;/g/list/devices;GET;200;2023-03-14 19:57:26.203;983;986;0;409;PASS
203;Add Cameras;Add A Camera Correctly;/g/list/devices;GET;200;2023-03-14 19:57:27.204;4370;4374;0;1176;PASS
204;Add Cameras;Add A Camera Correctly;/g/device;DELETE;200;2023-03-14 19:57:31.589;1933;1936;0;5;PASS
205;Add Cameras;Add A Camera Correctly;/g/list/devices;GET;200;2023-03-14 19:57:33.535;294;298;0;974;PASS
206;Add Cameras;Try to add an already added camera;/g/list/devices;GET;200;2023-03-14 19:57:33.891;369;373;0;1178;PASS
207;Add Cameras;Try to add an already added camera;/g/device;PUT;200;2023-03-14 19:57:34.295;1941;1944;118;24;PASS
208;Add Cameras;Try to add an already added camera;/g/device;PUT;409;2023-03-14 19:57:36.253;113;117;116;152;PASS
209;Add Cameras;Try to add an already added camera;/g/list/devices;GET;200;2023-03-14 19:57:36.381;670;675;0;1196;PASS
210;Add Cameras;Try to add an already added camera;/g/device;DELETE;200;2023-03-14 19:57:37.070;1859;1862;0;5;PASS
211;Add Cameras;Try to add an already added camera;/g/list/devices;GET;200;2023-03-14 19:57:38.941;2908;2912;0;1016;PASS
212;Add Cameras;Try to add a Camera - with an invalid GUID;/g/device;PUT;404;2023-03-14 19:57:41.919;345;349;114;115;PASS
213;Get Cameras Rtsp Urls;Suite Setup;/g/aaa/authenticate;POST;200;2023-03-14 19:57:42.400;68;70;83;586;PASS
214;Get Cameras Rtsp Urls;Suite Setup;/g/aaa/authorize;POST;200;2023-03-14 19:57:42.479;115;117;697;1609;PASS
215;Get Cameras Rtsp Urls;Get Camera's RTSP URLs;/g/device/rtsp;GET;200;2023-03-14 19:57:42.625;260;268;0;171;PASS
216;Get Cameras Rtsp Urls;Try to Get Camera's RTSP URLs with an unexpected argument;/g/device/rtsp;GET;400;2023-03-14 19:57:42.919;45;48;0;46;PASS
217;Get Cameras Rtsp Urls;Try to Get Camera's RTSP URLs without id parameter;/g/device/rtsp;GET;400;2023-03-14 19:57:42.980;134;137;0;36;PASS
218;Get Cameras Rtsp Urls;Try to Get Camera's RTSP URLs with id as account_id;/g/list/devices;GET;200;2023-03-14 19:57:43.129;523;526;0;1202;PASS
219;Get Cameras Rtsp Urls;Try to Get Camera's RTSP URLs with id as account_id;/g/device/rtsp;GET;404;2023-03-14 19:57:43.664;53;56;0;9;PASS
220;Get Cameras Rtsp Urls;Suite Teardown;/g/aaa/logout;POST;204;2023-03-14 19:57:43.734;112;115;2;0;PASS
221;Delete Bridges;Suite Setup;/g/aaa/authenticate;POST;200;2023-03-14 19:57:43.954;48;50;83;588;PASS
222;Delete Bridges;Suite Setup;/g/aaa/authorize;POST;200;2023-03-14 19:57:44.014;130;136;697;1610;PASS
223;Delete Bridges;Delete Bridge Correctly;/g/list/devices;GET;200;2023-03-14 19:57:44.186;139;141;0;309;PASS
224;Delete Bridges;Delete Bridge Correctly;/g/device;PUT;200;2023-03-14 19:57:44.342;5641;5644;67;24;PASS
225;Delete Bridges;Delete Bridge Correctly;/g/list/devices;GET;200;2023-03-14 19:57:50.000;151;154;0;383;PASS
226;Delete Bridges;Delete Bridge Correctly;/g/device;DELETE;200;2023-03-14 19:57:50.182;595;598;0;5;PASS
227;Delete Bridges;Delete Bridge Correctly;/g/list/devices;GET;200;2023-03-14 19:57:50.792;122;125;0;309;PASS
228;Delete Bridges;Delete Bridge Correctly;/g/list/devices;GET;200;2023-03-14 19:57:50.928;190;197;0;310;PASS
229;Delete Cameras;Suite Setup;/g/aaa/authenticate;POST;200;2023-03-14 19:57:51.226;45;48;83;587;PASS
230;Delete Cameras;Suite Setup;/g/aaa/authorize;POST;200;2023-03-14 19:57:51.335;440;443;697;1609;PASS
231;Delete Cameras;Delete Camera Correctly;/g/list/devices;GET;200;2023-03-14 19:57:51.813;505;508;0;1206;PASS
232;Delete Cameras;Delete Camera Correctly;/g/device;PUT;200;2023-03-14 19:57:52.349;7071;7074;118;24;PASS
233;Delete Cameras;Delete Camera Correctly;/g/device;DELETE;200;2023-03-14 19:57:59.431;1875;1878;0;5;PASS
234;Delete Cameras;Delete Camera Correctly;/g/list/devices;GET;200;2023-03-14 19:58:01.323;596;601;0;1020;PASS
235;Delete Cameras;Delete Camera Correctly;/g/list/devices;GET;200;2023-03-14 19:58:01.962;333;338;0;1206;PASS
236;Get Device;Suite Setup;/g/aaa/authenticate;POST;200;2023-03-14 19:58:02.422;45;48;83;586;PASS
237;Get Device;Suite Setup;/g/aaa/authorize;POST;200;2023-03-14 19:58:02.482;126;129;697;1609;PASS
238;Get Device;Get Camera;/g/device;GET;200;2023-03-14 19:58:02.643;316;323;0;8892;PASS
239;Get Device;Get Bridge;/g/device;GET;200;2023-03-14 19:58:03.118;571;577;0;4868;PASS
240;Get Device;Try to get device without id parameter;/g/device;GET;400;2023-03-14 19:58:03.783;41;44;0;36;PASS
241;Get Device;Try to get device with invalid id (7 numbers intead of 8);/g/device;GET;404;2023-03-14 19:58:03.842;44;47;0;9;PASS
242;Get Device;Try to get device with an unexpected argument;/g/device;GET;400;2023-03-14 19:58:03.913;43;45;0;50;PASS
243;Get Device;Suite Teardown;/g/aaa/logout;POST;204;2023-03-14 19:58:03.971;203;206;2;0;PASS
244;Cameratunnel;Suite Setup;/g/aaa/authenticate;POST;200;2023-03-14 19:58:04.282;55;58;83;588;PASS
245;Cameratunnel;Suite Setup;/g/aaa/authorize;POST;200;2023-03-14 19:58:04.348;143;146;697;1608;PASS
246;Cameratunnel;Suite Setup;/g/device;GET;200;2023-03-14 19:58:04.521;301;307;0;8892;PASS
247;Cameratunnel;Start camera tunnel;/g/cameratunnel;PUT;200;2023-03-14 19:58:04.845;4852;4855;73;81;PASS
248;Cameratunnel;Open camera tunnel;/g/cameratunnel;PUT;200;2023-03-14 19:58:09.738;199;202;73;81;PASS
249;Cameratunnel;Open camera tunnel;/asppage/common/login.asp;GET;200;2023-03-14 19:58:09.951;48;113;0;0;PASS
250;Cameratunnel;Stop camera tunnel;/g/cameratunnel;PUT;200;2023-03-14 19:58:10.078;212;215;73;81;PASS
251;Cameratunnel;Stop camera tunnel;/asppage/common/login.asp;GET;200;2023-03-14 19:58:10.342;47;113;0;0;PASS
252;Cameratunnel;Stop camera tunnel;/g/cameratunnel;DELETE;200;2023-03-14 19:58:10.466;1081;1085;0;52;PASS
253;Cameratunnel;Try to open camera tunnel after stop;/g/cameratunnel;PUT;200;2023-03-14 19:58:11.568;3760;3763;73;81;PASS
254;Cameratunnel;Try to open camera tunnel after stop;/g/cameratunnel;DELETE;200;2023-03-14 19:58:15.339;1286;1289;0;52;PASS
255;Cameratunnel;Try to open camera tunnel after stop;/g/cameratunnel;GET;200;2023-03-14 19:58:16.685;1286;71086;0;52;PASS
256;Get Preview Images;Suite Setup;/g/aaa/authenticate;POST;200;2023-03-14 19:59:27.939;61;65;83;586;PASS
257;Get Preview Images;Suite Setup;/g/aaa/authorize;POST;200;2023-03-14 19:59:28.015;120;126;697;1609;PASS
258;Get Preview Images;Suite Setup;/asset/list/image;GET;200;2023-03-14 19:59:28.209;789;792;0;522;PASS
259;Get Preview Images;Get Image At Specified Timestamp;/asset/asset/image.jpeg;GET;200;2023-03-14 19:59:29.017;110;194;0;6278;PASS
260;Get Preview Images;Get Prev Preview Image;/asset/prev/image.jpeg;GET;200;2023-03-14 19:59:29.223;7692;7773;0;6272;PASS
261;Get Preview Images;Get Next Preview Image;/asset/next/image.jpeg;GET;200;2023-03-14 19:59:37.010;10042;10123;0;6272;PASS
262;Get Preview Images;Get Preview Image After Timestamp;/asset/after/image.jpeg;GET;200;2023-03-14 19:59:47.147;43;128;0;6272;PASS
263;Get A Layout;Suite Setup;/g/aaa/authenticate;POST;200;2023-03-14 19:59:47.375;43;45;83;586;PASS
264;Get A Layout;Suite Setup;/g/aaa/authorize;POST;200;2023-03-14 19:59:47.430;247;250;697;1610;PASS
265;Get A Layout;Get layout - with valid id parameter;/g/layout/list;GET;200;2023-03-14 19:59:47.711;71;74;0;161;PASS
266;Get A Layout;Get layout - with valid id parameter;/g/layout;GET;200;2023-03-14 19:59:47.792;72;75;0;343;PASS
267;Get A Layout;Try to get layout - without id parameter;/g/layout;GET;400;2023-03-14 19:59:47.880;55;57;0;36;PASS
268;Get A Layout;Try to get a layout - with an unexpected argument;/g/layout;GET;400;2023-03-14 19:59:47.964;46;49;0;49;PASS
269;Get List Of Layouts;Suite Setup;/g/aaa/authenticate;POST;200;2023-03-14 19:59:48.107;50;60;83;587;PASS
270;Get List Of Layouts;Suite Setup;/g/aaa/authorize;POST;200;2023-03-14 19:59:48.175;110;113;697;1609;PASS
271;Get List Of Layouts;Get List of Layouts - using /g/layout/list;/g/layout/list;GET;200;2023-03-14 19:59:48.319;49;52;0;161;PASS
272;Get List Of Layouts;Get List of Layouts - using /g/list/layouts;/g/list/layouts;GET;200;2023-03-14 19:59:48.382;37;40;0;161;PASS
273;Add Layouts;Suite Setup;/g/aaa/authenticate;POST;200;2023-03-14 19:59:48.547;276;278;83;588;PASS
274;Add Layouts;Suite Setup;/g/aaa/authorize;POST;200;2023-03-14 19:59:48.835;119;122;697;1609;PASS
275;Add Layouts;Create a Layout Correctly using required params only;/g/layout;PUT;200;2023-03-14 19:59:48.999;92;95;102;52;PASS
276;Add Layouts;Create a Layout Correctly using required params only;/g/layout/list;GET;200;2023-03-14 19:59:49.109;44;47;0;181;PASS
277;Add Layouts;Try to Create a Layout - without config parameter;/g/layout;PUT;400;2023-03-14 19:59:49.184;65;67;52;80;PASS
278;Add Layouts;Try to Create a Layout - without config parameter;/g/layout/list;GET;200;2023-03-14 19:59:49.263;45;48;0;181;PASS
279;Add Layouts;Try to Create a Layout - without types parameter;/g/layout;PUT;400;2023-03-14 19:59:49.341;66;69;80;39;PASS
280;Add Layouts;Try to Create a Layout - without types parameter;/g/layout/list;GET;200;2023-03-14 19:59:49.421;58;61;0;181;PASS
281;Add Layouts;Add a Layout Correctly - add camera to layout;/g/list/devices;GET;200;2023-03-14 19:59:49.502;269;273;0;1201;PASS
282;Add Layouts;Add a Layout Correctly - add camera to layout;/g/layout;PUT;200;2023-03-14 19:59:49.805;94;98;215;52;PASS
283;Add Layouts;Add a Layout Correctly - add camera to layout;/g/layout;GET;200;2023-03-14 19:59:49.912;40;43;0;372;PASS
284;Add Layouts;Add a Layout Correctly - add camera to layout with camera name displayed;/g/list/devices;GET;200;2023-03-14 19:59:49.967;270;275;0;1201;PASS
285;Add Layouts;Add a Layout Correctly - add camera to layout with camera name displayed;/g/layout;PUT;200;2023-03-14 19:59:50.278;140;144;214;52;PASS
286;Add Layouts;Add a Layout Correctly - add camera to layout with camera name displayed;/g/layout;GET;200;2023-03-14 19:59:50.429;55;57;0;371;PASS
287;Add Layouts;Add a Layout Correctly - add camera to layout with camera name not displayed;/g/list/devices;GET;200;2023-03-14 19:59:50.498;503;507;0;1201;PASS
288;Add Layouts;Add a Layout Correctly - add camera to layout with camera name not displayed;/g/layout;PUT;200;2023-03-14 19:59:51.036;120;124;215;52;PASS
289;Add Layouts;Add a Layout Correctly - add camera to layout with camera name not displayed;/g/layout;GET;200;2023-03-14 19:59:51.168;49;53;0;374;PASS
290;Add Layouts;Add a Layout Correctly - add camera to layout with camera border;/g/list/devices;GET;200;2023-03-14 19:59:51.233;302;305;0;1204;PASS
291;Add Layouts;Add a Layout Correctly - add camera to layout with camera border;/g/layout;PUT;200;2023-03-14 19:59:51.568;115;118;216;52;PASS
292;Add Layouts;Add a Layout Correctly - add camera to layout with camera border;/g/layout;GET;200;2023-03-14 19:59:51.694;1839;1841;0;377;PASS
293;Add Layouts;Add a Layout Correctly - add camera to layout without camera border;/g/list/devices;GET;200;2023-03-14 19:59:53.546;413;416;0;1204;PASS
294;Add Layouts;Add a Layout Correctly - add camera to layout without camera border;/g/layout;PUT;200;2023-03-14 19:59:53.992;230;235;217;52;PASS
295;Add Layouts;Add a Layout Correctly - add camera to layout without camera border;/g/layout;GET;200;2023-03-14 19:59:54.235;201;204;0;375;PASS
296;Add Layouts;Add a Layout Correctly - add camera to layout aspect ratio 0.5;/g/list/devices;GET;200;2023-03-14 19:59:54.453;444;448;0;1205;PASS
297;Add Layouts;Add a Layout Correctly - add camera to layout aspect ratio 0.5;/g/layout;PUT;200;2023-03-14 19:59:54.933;157;160;221;52;PASS
298;Add Layouts;Add a Layout Correctly - add camera to layout aspect ratio 0.5;/g/layout;GET;200;2023-03-14 19:59:55.102;56;60;0;379;PASS
299;Add Layouts;Add a Layout Correctly - add camera to layout aspect ratio 0.1;/g/list/devices;GET;200;2023-03-14 19:59:55.175;390;394;0;1205;PASS
300;Add Layouts;Add a Layout Correctly - add camera to layout aspect ratio 0.1;/g/layout;PUT;200;2023-03-14 19:59:55.605;83;86;221;52;PASS
301;Add Layouts;Add a Layout Correctly - add camera to layout aspect ratio 0.1;/g/layout;GET;200;2023-03-14 19:59:55.699;69;72;0;378;PASS
302;Add Layouts;Add a Layout Correctly - add camera to layout aspect ratio 0;/g/list/devices;GET;200;2023-03-14 19:59:55.783;599;602;0;1208;PASS
303;Add Layouts;Add a Layout Correctly - add camera to layout aspect ratio 0;/g/layout;PUT;200;2023-03-14 19:59:56.413;99;102;219;52;PASS
304;Add Layouts;Add a Layout Correctly - add camera to layout aspect ratio 0;/g/layout;GET;200;2023-03-14 19:59:56.523;5059;5062;0;374;PASS
305;Add Layouts;Add a Layout Correctly - add camera to layout aspect ratio 1;/g/list/devices;GET;200;2023-03-14 20:00:01.598;1077;1081;0;1208;PASS
306;Add Layouts;Add a Layout Correctly - add camera to layout aspect ratio 1;/g/layout;PUT;200;2023-03-14 20:00:02.705;92;95;219;52;PASS
307;Add Layouts;Add a Layout Correctly - add camera to layout aspect ratio 1;/g/layout;GET;200;2023-03-14 20:00:02.807;70;73;0;378;PASS
308;Add Layouts;Try to add a Layout with camera layout aspect ratio -1;/g/list/devices;GET;200;2023-03-14 20:00:02.894;791;795;0;1207;PASS
309;Add Layouts;Try to add a Layout with camera layout aspect ratio -1;/g/layout;PUT;400;2023-03-14 20:00:03.729;51;55;220;114;PASS
310;Add Layouts;Try to add a Layout with camera layout aspect ratio -1;/g/layout/list;GET;200;2023-03-14 20:00:03.792;56;60;0;484;PASS
311;Add Layouts;Suite Teardown;/g/layout/list;GET;200;2023-03-14 20:00:03.894;44;46;0;484;PASS
312;Add Layouts;Suite Teardown;/g/layout;DELETE;200;2023-03-14 20:00:03.950;88;91;0;4;PASS
313;Add Layouts;Suite Teardown;/g/layout;DELETE;200;2023-03-14 20:00:04.050;85;88;0;4;PASS
314;Add Layouts;Suite Teardown;/g/layout;DELETE;200;2023-03-14 20:00:04.147;110;115;0;4;PASS
315;Add Layouts;Suite Teardown;/g/layout;DELETE;200;2023-03-14 20:00:04.271;77;80;0;4;PASS
316;Add Layouts;Suite Teardown;/g/layout;DELETE;200;2023-03-14 20:00:04.362;70;73;0;4;PASS
317;Add Layouts;Suite Teardown;/g/layout;DELETE;200;2023-03-14 20:00:04.446;66;70;0;4;PASS
318;Add Layouts;Suite Teardown;/g/layout;DELETE;200;2023-03-14 20:00:04.525;104;107;0;4;PASS
319;Add Layouts;Suite Teardown;/g/layout;DELETE;200;2023-03-14 20:00:04.643;114;118;0;4;PASS
320;Add Layouts;Suite Teardown;/g/layout;DELETE;200;2023-03-14 20:00:04.770;71;74;0;4;PASS
321;Add Layouts;Suite Teardown;/g/layout;DELETE;200;2023-03-14 20:00:04.853;87;91;0;4;PASS
322;Update Layout;Suite Setup;/g/aaa/authenticate;POST;200;2023-03-14 20:00:05.074;50;53;83;587;PASS
323;Update Layout;Suite Setup;/g/aaa/authorize;POST;200;2023-03-14 20:00:05.137;125;128;697;1607;PASS
324;Update Layout;Suite Setup;/g/layout;PUT;200;2023-03-14 20:00:05.303;93;96;101;52;PASS
325;Update Layout;Update a Layout Correctly - no change;/g/layout;POST;200;2023-03-14 20:00:05.436;248;251;148;52;PASS
326;Update Layout;Update a Layout Correctly - no change;/g/layout/list;GET;200;2023-03-14 20:00:05.699;51;55;0;181;PASS
327;Update Layout;Update a Layout Correctly - update name;/g/layout;POST;200;2023-03-14 20:00:05.787;252;255;149;52;PASS
328;Update Layout;Update a Layout Correctly - update name;/g/layout/list;GET;200;2023-03-14 20:00:06.053;80;82;0;180;PASS
329;Update Layout;Update a Layout Correctly - add camera to layout;/g/list/devices;GET;200;2023-03-14 20:00:06.178;484;488;0;1207;PASS
330;Update Layout;Update a Layout Correctly - add camera to layout;/g/layout;POST;200;2023-03-14 20:00:06.677;150;153;172;52;PASS
331;Update Layout;Update a Layout Correctly - add camera to layout;/g/layout;GET;200;2023-03-14 20:00:06.838;72;76;0;355;PASS
332;Update Layout;Update a Layout Correctly - add already added camera to layout;/g/list/devices;GET;200;2023-03-14 20:00:06.930;751;755;0;1207;PASS
333;Update Layout;Update a Layout Correctly - add already added camera to layout;/g/layout;POST;200;2023-03-14 20:00:07.698;104;108;172;52;PASS
334;Update Layout;Update a Layout Correctly - add already added camera to layout;/g/layout;GET;200;2023-03-14 20:00:07.814;54;58;0;355;PASS
335;Update Layout;Try to Update a Layout with shares data;/g/user/list;GET;200;2023-03-14 20:00:07.883;73;76;0;182;PASS
336;Update Layout;Try to Update a Layout with shares data;/g/layout;POST;400;2023-03-14 20:00:07.990;103;107;181;135;PASS
337;Update Layout;Try to Update a Layout with shares data;/g/layout/list;GET;200;2023-03-14 20:00:08.108;66;69;0;180;PASS
338;Update Layout;Try to Update a Layout without pane data;/g/layout;POST;400;2023-03-14 20:00:08.208;143;146;134;98;PASS
339;Update Layout;Try to Update a Layout without pane data;/g/layout/list;GET;200;2023-03-14 20:00:08.366;69;73;0;180;PASS
340;Update Layout;Suite Teardown;/g/layout/list;GET;200;2023-03-14 20:00:08.457;45;48;0;180;PASS
341;Update Layout;Suite Teardown;/g/layout;DELETE;200;2023-03-14 20:00:08.513;141;143;0;4;PASS
342;Delete Layouts;Suite Setup;/g/aaa/authenticate;POST;200;2023-03-14 20:00:08.752;55;58;83;588;PASS
343;Delete Layouts;Suite Setup;/g/aaa/authorize;POST;200;2023-03-14 20:00:08.818;257;260;697;1633;PASS
344;Delete Layouts;Delete layout - with valid id parameter;/g/layout;PUT;200;2023-03-14 20:00:09.120;172;175;100;52;PASS
345;Delete Layouts;Delete layout - with valid id parameter;/g/layout;DELETE;200;2023-03-14 20:00:09.321;129;133;0;4;PASS
346;Delete Layouts;Delete layout - with valid id parameter;/g/layout/list;GET;200;2023-03-14 20:00:09.466;66;69;0;161;PASS
347;Delete Layouts;Try to delete layout - without id parameter;/g/layout;DELETE;400;2023-03-14 20:00:09.560;85;89;0;36;PASS
348;Delete Layouts;Try to delete a layout - with an unexpected argument;/g/layout;DELETE;400;2023-03-14 20:00:09.679;77;80;0;51;PASS
349;Delete Layouts;Suite Teardown;/g/layout/list;GET;200;2023-03-14 20:00:09.772;36;39;0;161;PASS
350;Get List Of Managed Switches;Suite Setup;/g/aaa/authenticate;POST;200;2023-03-14 20:00:09.944;44;47;83;586;PASS
351;Get List Of Managed Switches;Suite Setup;/g/aaa/authorize;POST;200;2023-03-14 20:00:10.001;228;232;697;1607;PASS
352;Get List Of Managed Switches;Get List Of Managed Switches;/g/managed_switch/list;GET;200;2023-03-14 20:00:10.261;258;261;0;323;PASS
353;Get List Of Managed Switches;Get List Of Managed Switches - detailed;/g/managed_switch/list;GET;200;2023-03-14 20:00:10.537;223;226;0;574;PASS
354;Get List Of Managed Switches;Suite Teardown;/g/aaa/logout;POST;204;2023-03-14 20:00:10.778;205;209;2;0;PASS
355;Get Bandwidth Metrics;Suite Setup;/g/aaa/authenticate;POST;200;2023-03-14 20:00:11.113;61;64;83;589;PASS
356;Get Bandwidth Metrics;Suite Setup;/g/aaa/authorize;POST;200;2023-03-14 20:00:11.188;192;195;697;1608;PASS
357;Get Bandwidth Metrics;Get bridge bandwidth - without id param;/g/metric/bridgebandwidth;GET;400;2023-03-14 20:00:11.412;30;41;0;36;PASS
358;Get Bandwidth Metrics;Get bridge bandwidth - with id param;/g/metric/bridgebandwidth;GET;200;2023-03-14 20:00:11.465;30720;30728;0;10668;PASS
359;Get Bandwidth Metrics;Get camera bandwidth - without id param;/g/metric/camerabandwidth;GET;400;2023-03-14 20:00:42.243;61;64;0;36;PASS
360;Get Bandwidth Metrics;Get camera bandwidth - with id param;/g/metric/camerabandwidth;GET;200;2023-03-14 20:00:42.320;11628;11634;0;8909;PASS
361;Get Bandwidth Metrics;Suite Teardown;/g/aaa/logout;POST;204;2023-03-14 20:00:53.990;1111;1115;2;0;PASS
362;Unauthenticated Endpoint Hits;Try to get user with invalid cookie;/g/user;GET;401;2023-03-14 20:00:55.335;516;518;0;24;PASS
363;Unauthenticated Endpoint Hits;Try to get user with invalid A param;/g/user;GET;401;2023-03-14 20:00:55.893;670;673;0;24;PASS
364;Unauthenticated Endpoint Hits;Try to change password with invalid cookie;/g/aaa/change_password;POST;401;2023-03-14 20:00:56.585;42;46;2;24;PASS
365;Unauthenticated Endpoint Hits;Try to change password with invalid A param;/g/aaa/change_password;POST;401;2023-03-14 20:00:56.652;400;403;24;24;PASS
366;Unauthenticated Endpoint Hits;Try to create layout with invalid cookie;/g/layout;PUT;401;2023-03-14 20:00:57.074;761;764;2;24;PASS
367;Unauthenticated Endpoint Hits;Try to create layout with invalid A param;/g/layout;PUT;401;2023-03-14 20:00:57.856;36;38;24;24;PASS
368;Unauthenticated Endpoint Hits;Try to get layout with invalid cookie;/g/layout;GET;401;2023-03-14 20:00:57.914;28;31;0;24;PASS
369;Unauthenticated Endpoint Hits;Try to get layout with invalid A param;/g/layout;GET;401;2023-03-14 20:00:57.963;32;35;0;24;PASS
370;Unauthenticated Endpoint Hits;Try to get layout list with invalid cookie - using /g/layout/list;/g/layout/list;GET;401;2023-03-14 20:00:58.021;21;24;0;24;PASS
371;Unauthenticated Endpoint Hits;Try to get layout list with invalid A param - using /g/layout/list;/g/layout/list;GET;401;2023-03-14 20:00:58.062;1070;1072;0;24;PASS
372;Unauthenticated Endpoint Hits;Try to get layout list with invalid cookie - using /g/list/layouts;/g/list/layouts;GET;401;2023-03-14 20:00:59.155;44;48;0;24;PASS
373;Unauthenticated Endpoint Hits;Try to get layout list with invalid A param - using /g/list/layouts;/g/list/layouts;GET;401;2023-03-14 20:00:59.221;31;34;0;24;PASS
374;Get A User;Suite Setup;/g/aaa/authenticate;POST;200;2023-03-14 20:00:59.387;57;60;82;589;PASS
375;Get A User;Suite Setup;/g/aaa/authorize;POST;200;2023-03-14 20:00:59.456;670;675;697;2070;PASS
376;Get A User;Get user - current user - without id parameter;/g/user;GET;200;2023-03-14 20:01:00.170;71;75;0;2065;PASS
377;Get A User;Get user - with id parameter;/g/user/list;GET;200;2023-03-14 20:01:00.269;60;63;0;178;PASS
378;Get A User;Get user - with id parameter;/g/user;GET;200;2023-03-14 20:01:00.342;73;77;0;2065;PASS
379;Get A User;Try to get a user with an unexpected argument;/g/user;GET;400;2023-03-14 20:01:00.457;40;43;0;28;PASS
380;Get A User;Suite Teardown;/g/aaa/logout;POST;204;2023-03-14 20:01:00.518;50;63;2;0;PASS
381;Get List Of Users;Suite Setup;/g/aaa/authenticate;POST;200;2023-03-14 20:01:00.699;48;51;82;587;PASS
382;Get List Of Users;Suite Setup;/g/aaa/authorize;POST;200;2023-03-14 20:01:00.763;724;728;697;2071;PASS
383;Get List Of Users;Get List of Users - using /g/user/list;/g/user/list;GET;200;2023-03-14 20:01:01.521;53;57;0;178;PASS
384;Get List Of Users;Get List of Users - using /g/list/users;/g/list/users;GET;200;2023-03-14 20:01:01.591;52;55;0;178;PASS
385;Get List Of Users;Suite Teardown;/g/aaa/logout;POST;204;2023-03-14 20:01:01.659;80;84;2;0;PASS
386;Forgot Password;Try to initiate forgot password for a pending user as Distributor user;/g/aaa/authenticate;POST;200;2023-03-14 20:01:01.847;668;671;74;586;PASS
387;Forgot Password;Try to initiate forgot password for a pending user as Distributor user;/g/aaa/authorize;POST;200;2023-03-14 20:01:02.528;2074;2077;697;2575;PASS
388;Forgot Password;Try to initiate forgot password for a pending user as Distributor user;/g/user;PUT;200;2023-03-14 20:01:04.644;2457;2461;96;24;PASS
389;Forgot Password;Try to initiate forgot password for a pending user as Distributor user;/g/aaa/forgot_password;POST;462;2023-03-14 20:01:07.126;1441;1444;38;12;PASS
390;Forgot Password;Try to initiate forgot password for a pending user as Distributor user;/g/user;DELETE;200;2023-03-14 20:01:08.581;2473;2478;0;4;PASS
391;Forgot Password;Try to initiate forgot password for a pending user as Reseller user;/g/aaa/authenticate;POST;200;2023-03-14 20:01:11.077;58;60;82;587;PASS
392;Forgot Password;Try to initiate forgot password for a pending user as Reseller user;/g/aaa/authorize;POST;200;2023-03-14 20:01:11.148;1719;1723;697;2070;PASS
393;Forgot Password;Try to initiate forgot password for a pending user as Reseller user;/g/user;PUT;200;2023-03-14 20:01:12.912;150;153;96;24;PASS
394;Forgot Password;Try to initiate forgot password for a pending user as Reseller user;/g/aaa/forgot_password;POST;462;2023-03-14 20:01:13.076;80;83;38;12;PASS
395;Forgot Password;Try to initiate forgot password for a pending user as Reseller user;/g/user;DELETE;200;2023-03-14 20:01:13.170;89;92;0;4;PASS
396;Forgot Password;Try to initiate forgot password for a pending user as End user;/g/aaa/authenticate;POST;200;2023-03-14 20:01:13.278;55;57;83;588;PASS
397;Forgot Password;Try to initiate forgot password for a pending user as End user;/g/aaa/authorize;POST;200;2023-03-14 20:01:13.345;290;297;697;1608;PASS
398;Forgot Password;Try to initiate forgot password for a pending user as End user;/g/user;PUT;200;2023-03-14 20:01:13.681;960;971;96;24;PASS
399;Forgot Password;Try to initiate forgot password for a pending user as End user;/g/aaa/forgot_password;POST;462;2023-03-14 20:01:14.663;70;73;38;12;PASS
400;Forgot Password;Try to initiate forgot password for a pending user as End user;/g/user;DELETE;200;2023-03-14 20:01:14.747;80;94;0;4;PASS
401;Forgot Password;Try to initiate forgot password for a disabled user as Distributor user;/g/aaa/authenticate;POST;200;2023-03-14 20:01:14.858;288;292;74;587;PASS
402;Forgot Password;Try to initiate forgot password for a disabled user as Distributor user;/g/aaa/authorize;POST;200;2023-03-14 20:01:15.173;2039;2042;697;2576;PASS
403;Forgot Password;Try to initiate forgot password for a disabled user as Distributor user;/g/user;PUT;200;2023-03-14 20:01:17.260;2931;2958;96;24;PASS
404;Forgot Password;Try to initiate forgot password for a disabled user as Distributor user;/g/aaa/change_password;POST;200;2023-03-14 20:01:20.232;2050;2053;49;24;PASS
405;Forgot Password;Try to initiate forgot password for a disabled user as Distributor user;/g/user;POST;200;2023-03-14 20:01:22.301;4248;4251;36;24;PASS
406;Forgot Password;Try to initiate forgot password for a disabled user as Distributor user;/g/user;POST;200;2023-03-14 20:01:26.561;4964;4968;36;24;PASS
407;Forgot Password;Try to initiate forgot password for a disabled user as Distributor user;/g/aaa/forgot_password;POST;412;2023-03-14 20:01:31.539;1189;1192;38;19;PASS
408;Forgot Password;Try to initiate forgot password for a disabled user as Distributor user;/g/user;DELETE;200;2023-03-14 20:01:32.741;2288;2291;0;4;PASS
409;Forgot Password;Try to initiate forgot password for a disabled user as Reseller user;/g/aaa/authenticate;POST;200;2023-03-14 20:01:35.047;1457;1460;82;588;PASS
410;Forgot Password;Try to initiate forgot password for a disabled user as Reseller user;/g/aaa/authorize;POST;200;2023-03-14 20:01:36.518;875;878;697;2071;PASS
411;Forgot Password;Try to initiate forgot password for a disabled user as Reseller user;/g/user;PUT;200;2023-03-14 20:01:37.438;123;126;96;24;PASS
412;Forgot Password;Try to initiate forgot password for a disabled user as Reseller user;/g/aaa/change_password;POST;200;2023-03-14 20:01:37.578;74;78;49;24;PASS
413;Forgot Password;Try to initiate forgot password for a disabled user as Reseller user;/g/user;POST;200;2023-03-14 20:01:37.664;144;147;36;24;PASS
414;Forgot Password;Try to initiate forgot password for a disabled user as Reseller user;/g/user;POST;200;2023-03-14 20:01:37.820;388;391;36;24;PASS
415;Forgot Password;Try to initiate forgot password for a disabled user as Reseller user;/g/aaa/forgot_password;POST;412;2023-03-14 20:01:38.219;80;83;38;19;PASS
416;Forgot Password;Try to initiate forgot password for a disabled user as Reseller user;/g/user;DELETE;200;2023-03-14 20:01:38.316;104;107;0;4;PASS
417;Forgot Password;Try to initiate forgot password for a disabled user as End user;/g/aaa/authenticate;POST;200;2023-03-14 20:01:38.439;59;61;83;587;PASS
418;Forgot Password;Try to initiate forgot password for a disabled user as End user;/g/aaa/authorize;POST;200;2023-03-14 20:01:38.510;780;784;697;1608;PASS
419;Forgot Password;Try to initiate forgot password for a disabled user as End user;/g/user;PUT;200;2023-03-14 20:01:39.337;107;111;96;24;PASS
420;Forgot Password;Try to initiate forgot password for a disabled user as End user;/g/aaa/change_password;POST;200;2023-03-14 20:01:39.462;108;111;49;24;PASS
421;Forgot Password;Try to initiate forgot password for a disabled user as End user;/g/user;POST;200;2023-03-14 20:01:39.584;374;377;36;24;PASS
422;Forgot Password;Try to initiate forgot password for a disabled user as End user;/g/user;POST;200;2023-03-14 20:01:39.969;154;156;36;24;PASS
423;Forgot Password;Try to initiate forgot password for a disabled user as End user;/g/aaa/forgot_password;POST;412;2023-03-14 20:01:40.133;51;54;38;19;PASS
424;Forgot Password;Try to initiate forgot password for a disabled user as End user;/g/user;DELETE;200;2023-03-14 20:01:40.197;78;81;0;4;PASS
425;Forgot Password;Suite Teardown;/g/aaa/logout;POST;204;2023-03-14 20:01:40.290;72;76;2;0;PASS
426;Change Password;Try to change password with an unexpected argument as Distributor user;/g/aaa/authenticate;POST;200;2023-03-14 20:01:40.485;390;393;74;591;PASS
427;Change Password;Try to change password with an unexpected argument as Distributor user;/g/aaa/authorize;POST;200;2023-03-14 20:01:40.889;1747;1751;697;2575;PASS
428;Change Password;Try to change password with an unexpected argument as Distributor user;/g/aaa/change_password;POST;400;2023-03-14 20:01:42.680;1048;1050;27;28;PASS
429;Change Password;Try to change password with an unexpected argument as Reseller user;/g/aaa/authenticate;POST;200;2023-03-14 20:01:43.751;44;47;82;590;PASS
430;Change Password;Try to change password with an unexpected argument as Reseller user;/g/aaa/authorize;POST;200;2023-03-14 20:01:43.808;6145;6148;697;2071;PASS
431;Change Password;Try to change password with an unexpected argument as Reseller user;/g/aaa/change_password;POST;400;2023-03-14 20:01:49.998;51;54;36;35;PASS
432;Change Password;Try to change password with an unexpected argument as End user;/g/aaa/authenticate;POST;200;2023-03-14 20:01:50.071;660;664;83;586;PASS
433;Change Password;Try to change password with an unexpected argument as End user;/g/aaa/authorize;POST;200;2023-03-14 20:01:50.745;183;186;697;1608;PASS
434;Change Password;Try to change password with an unexpected argument as End user;/g/aaa/change_password;POST;400;2023-03-14 20:01:50.980;45;49;51;39;PASS
435;Change Password;Try to change password with an invalid user ID as Distributor user;/g/aaa/authenticate;POST;200;2023-03-14 20:01:51.050;352;355;74;588;PASS
436;Change Password;Try to change password with an invalid user ID as Distributor user;/g/aaa/authorize;POST;200;2023-03-14 20:01:51.416;2177;2180;697;2574;PASS
437;Change Password;Try to change password with an invalid user ID as Distributor user;/g/aaa/change_password;POST;404;2023-03-14 20:01:53.634;1161;1164;49;9;PASS
438;Change Password;Try to change password with an invalid user ID as Reseller userc;/g/aaa/authenticate;POST;200;2023-03-14 20:01:54.816;44;47;82;588;PASS
439;Change Password;Try to change password with an invalid user ID as Reseller userc;/g/aaa/authorize;POST;200;2023-03-14 20:01:54.874;742;745;697;2071;PASS
440;Change Password;Try to change password with an invalid user ID as Reseller userc;/g/aaa/change_password;POST;404;2023-03-14 20:01:55.675;77;81;49;9;PASS
441;Change Password;Try to change password with an invalid user ID as End user;/g/aaa/authenticate;POST;200;2023-03-14 20:01:55.776;48;51;83;587;PASS
442;Change Password;Try to change password with an invalid user ID as End user;/g/aaa/authorize;POST;200;2023-03-14 20:01:55.836;106;109;697;1608;PASS
443;Change Password;Try to change password with an invalid user ID as End user;/g/aaa/change_password;POST;404;2023-03-14 20:01:55.979;49;53;49;9;PASS
444;Change Password;Try to change password with invalid current password as Distributor user;/g/aaa/authenticate;POST;200;2023-03-14 20:01:56.052;284;287;74;587;PASS
445;Change Password;Try to change password with invalid current password as Distributor user;/g/aaa/authorize;POST;200;2023-03-14 20:01:56.349;1730;1739;697;2575;PASS
446;Change Password;Try to change password with invalid current password as Distributor user;/g/aaa/change_password;POST;406;2023-03-14 20:01:58.120;1194;1198;70;14;PASS
447;Change Password;Try to change password with invalid current password as Reseller user;/g/aaa/authenticate;POST;200;2023-03-14 20:01:59.338;49;52;82;586;PASS
448;Change Password;Try to change password with invalid current password as Reseller user;/g/aaa/authorize;POST;200;2023-03-14 20:01:59.401;650;653;697;2071;PASS
449;Change Password;Try to change password with invalid current password as Reseller user;/g/aaa/change_password;POST;406;2023-03-14 20:02:00.088;421;424;70;14;PASS
450;Change Password;Try to change password with invalid current password as End user;/g/aaa/authenticate;POST;200;2023-03-14 20:02:00.546;55;58;83;588;PASS
451;Change Password;Try to change password with invalid current password as End user;/g/aaa/authorize;POST;200;2023-03-14 20:02:00.616;134;160;697;1609;PASS
452;Change Password;Try to change password with invalid current password as End user;/g/aaa/change_password;POST;406;2023-03-14 20:02:00.815;75;78;70;14;PASS
453;Change Password;Try to set password that is too short as Distributor user;/g/aaa/authenticate;POST;200;2023-03-14 20:02:00.913;294;298;74;590;PASS
454;Change Password;Try to set password that is too short as Distributor user;/g/aaa/authorize;POST;200;2023-03-14 20:02:01.221;2041;2047;697;2574;PASS
455;Change Password;Try to set password that is too short as Distributor user;/g/user;PUT;200;2023-03-14 20:02:03.325;2438;2442;96;24;PASS
456;Change Password;Try to set password that is too short as Distributor user;/g/aaa/change_password;POST;400;2023-03-14 20:02:05.805;1442;1446;43;210;PASS
457;Change Password;Try to set password that is too short as Distributor user;/g/user;DELETE;200;2023-03-14 20:02:07.266;2319;2322;0;4;PASS
458;Change Password;Try to set password that is too short as Reseller user;/g/aaa/authenticate;POST;200;2023-03-14 20:02:09.607;41;43;82;587;PASS
459;Change Password;Try to set password that is too short as Reseller user;/g/aaa/authorize;POST;200;2023-03-14 20:02:09.660;669;672;697;2071;PASS
460;Change Password;Try to set password that is too short as Reseller user;/g/user;PUT;200;2023-03-14 20:02:10.368;888;891;96;24;PASS
461;Change Password;Try to set password that is too short as Reseller user;/g/aaa/change_password;POST;400;2023-03-14 20:02:11.273;58;61;43;210;PASS
462;Change Password;Try to set password that is too short as Reseller user;/g/user;DELETE;200;2023-03-14 20:02:11.348;80;89;0;4;PASS
463;Change Password;Try to set password that is too short as End user;/g/aaa/authenticate;POST;200;2023-03-14 20:02:11.455;50;53;83;587;PASS
464;Change Password;Try to set password that is too short as End user;/g/aaa/authorize;POST;200;2023-03-14 20:02:11.518;310;315;697;1608;PASS
465;Change Password;Try to set password that is too short as End user;/g/user;PUT;200;2023-03-14 20:02:11.883;314;317;96;24;PASS
466;Change Password;Try to set password that is too short as End user;/g/aaa/change_password;POST;400;2023-03-14 20:02:12.211;63;66;43;210;PASS
467;Change Password;Try to set password that is too short as End user;/g/user;DELETE;200;2023-03-14 20:02:12.290;95;99;0;4;PASS
468;Change Password;Change user password using user id as Distributor user;/g/aaa/authenticate;POST;200;2023-03-14 20:02:12.408;323;326;74;589;PASS
469;Change Password;Change user password using user id as Distributor user;/g/aaa/authorize;POST;200;2023-03-14 20:02:12.744;1787;1790;697;2574;PASS
470;Change Password;Change user password using user id as Distributor user;/g/user;PUT;200;2023-03-14 20:02:14.574;2809;2812;96;24;PASS
471;Change Password;Change user password using user id as Distributor user;/g/aaa/change_password;POST;200;2023-03-14 20:02:17.400;1796;1800;49;24;PASS
472;Change Password;Change user password using user id as Distributor user;/g/user;DELETE;200;2023-03-14 20:02:19.213;2452;2455;0;4;PASS
473;Change Password;Change user password using user id as Reseller user;/g/aaa/authenticate;POST;200;2023-03-14 20:02:21.685;58;61;82;588;PASS
474;Change Password;Change user password using user id as Reseller user;/g/aaa/authorize;POST;200;2023-03-14 20:02:21.754;838;841;697;2070;PASS
475;Change Password;Change user password using user id as Reseller user;/g/user;PUT;200;2023-03-14 20:02:22.632;127;130;96;24;PASS
476;Change Password;Change user password using user id as Reseller user;/g/aaa/change_password;POST;200;2023-03-14 20:02:22.774;399;402;49;24;PASS
477;Change Password;Change user password using user id as Reseller user;/g/user;DELETE;200;2023-03-14 20:02:23.187;89;92;0;4;PASS
478;Change Password;Change user password using user id as End user;/g/aaa/authenticate;POST;200;2023-03-14 20:02:23.294;50;59;83;589;PASS
479;Change Password;Change user password using user id as End user;/g/aaa/authorize;POST;200;2023-03-14 20:02:23.361;110;119;697;1608;PASS
480;Change Password;Change user password using user id as End user;/g/user;PUT;200;2023-03-14 20:02:23.520;138;141;96;24;PASS
481;Change Password;Change user password using user id as End user;/g/aaa/change_password;POST;200;2023-03-14 20:02:23.674;67;70;49;24;PASS
482;Change Password;Change user password using user id as End user;/g/user;DELETE;200;2023-03-14 20:02:23.756;114;118;0;4;PASS
483;Change Password;Change user password by providing current password as Distributor user;/g/aaa/authenticate;POST;200;2023-03-14 20:02:23.890;291;294;74;586;PASS
484;Change Password;Change user password by providing current password as Distributor user;/g/aaa/authorize;POST;200;2023-03-14 20:02:24.193;6439;6443;697;2573;PASS
485;Change Password;Change user password by providing current password as Distributor user;/g/user;PUT;200;2023-03-14 20:02:30.674;2429;2433;96;24;PASS
486;Change Password;Change user password by providing current password as Distributor user;/g/aaa/change_password;POST;200;2023-03-14 20:02:33.120;1920;1923;49;24;PASS
487;Change Password;Change user password by providing current password as Distributor user;/g/user;POST;200;2023-03-14 20:02:35.060;4234;4238;36;24;PASS
488;Change Password;Change user password by providing current password as Distributor user;/g/aaa/authenticate;POST;200;2023-03-14 20:02:39.312;1703;1705;72;590;PASS
489;Change Password;Change user password by providing current password as Distributor user;/g/aaa/authorize;POST;200;2023-03-14 20:02:41.027;2001;2005;697;1014;PASS
490;Change Password;Change user password by providing current password as Distributor user;/g/aaa/change_password;POST;200;2023-03-14 20:02:43.060;1939;1942;70;24;PASS
491;Change Password;Change user password by providing current password as Distributor user;/g/aaa/authenticate;POST;200;2023-03-14 20:02:45.035;298;301;72;587;PASS
492;Change Password;Change user password by providing current password as Distributor user;/g/aaa/authorize;POST;200;2023-03-14 20:02:45.345;1775;1778;697;1013;PASS
493;Change Password;Change user password by providing current password as Distributor user;/g/aaa/authenticate;POST;200;2023-03-14 20:02:47.159;1442;1445;74;587;PASS
494;Change Password;Change user password by providing current password as Distributor user;/g/aaa/authorize;POST;200;2023-03-14 20:02:48.615;1762;1766;697;2575;PASS
495;Change Password;Change user password by providing current password as Distributor user;/g/user;DELETE;200;2023-03-14 20:02:50.417;2312;2315;0;4;PASS
496;Change Password;Change user password by providing current password as Reseller user;/g/aaa/authenticate;POST;200;2023-03-14 20:02:52.763;65;68;82;587;PASS
497;Change Password;Change user password by providing current password as Reseller user;/g/aaa/authorize;POST;200;2023-03-14 20:02:52.860;889;893;697;2070;PASS
498;Change Password;Change user password by providing current password as Reseller user;/g/user;PUT;200;2023-03-14 20:02:53.806;131;134;96;24;PASS
499;Change Password;Change user password by providing current password as Reseller user;/g/aaa/change_password;POST;200;2023-03-14 20:02:53.956;83;87;49;24;PASS
500;Change Password;Change user password by providing current password as Reseller user;/g/user;POST;200;2023-03-14 20:02:54.056;139;144;36;24;PASS
501;Change Password;Change user password by providing current password as Reseller user;/g/aaa/authenticate;POST;200;2023-03-14 20:02:54.220;579;582;72;587;PASS
502;Change Password;Change user password by providing current password as Reseller user;/g/aaa/authorize;POST;200;2023-03-14 20:02:54.812;884;888;697;1259;PASS
503;Change Password;Change user password by providing current password as Reseller user;/g/aaa/change_password;POST;200;2023-03-14 20:02:55.739;126;130;70;24;PASS
504;Change Password;Change user password by providing current password as Reseller user;/g/aaa/authenticate;POST;200;2023-03-14 20:02:55.889;157;160;72;588;PASS
505;Change Password;Change user password by providing current password as Reseller user;/g/aaa/authorize;POST;200;2023-03-14 20:02:56.063;156;160;697;1257;PASS
506;Change Password;Change user password by providing current password as Reseller user;/g/aaa/authenticate;POST;200;2023-03-14 20:02:56.311;64;67;82;587;PASS
507;Change Password;Change user password by providing current password as Reseller user;/g/aaa/authorize;POST;200;2023-03-14 20:02:56.390;991;995;697;2071;PASS
508;Change Password;Change user password by providing current password as Reseller user;/g/user;DELETE;200;2023-03-14 20:02:57.423;81;85;0;4;PASS
509;Change Password;Change user password by providing current password as End user;/g/aaa/authenticate;POST;200;2023-03-14 20:02:57.531;164;167;83;588;PASS
510;Change Password;Change user password by providing current password as End user;/g/aaa/authorize;POST;200;2023-03-14 20:02:57.708;230;233;697;1609;PASS
511;Change Password;Change user password by providing current password as End user;/g/user;PUT;200;2023-03-14 20:02:57.999;111;114;96;24;PASS
512;Change Password;Change user password by providing current password as End user;/g/aaa/change_password;POST;200;2023-03-14 20:02:58.132;482;485;49;24;PASS
513;Change Password;Change user password by providing current password as End user;/g/user;POST;200;2023-03-14 20:02:58.627;150;152;36;24;PASS
514;Change Password;Change user password by providing current password as End user;/g/user;POST;200;2023-03-14 20:02:58.795;150;56;36;24;PASS
515;Change Password;Change user password by providing current password as End user;/g/user;POST;200;2023-03-14 20:02:59.864;150;38;36;24;PASS
516;Change Password;Change user password by providing current password as End user;/g/aaa/authenticate;POST;200;2023-03-14 20:03:00.916;52;55;72;585;PASS
517;Change Password;Change user password by providing current password as End user;/g/aaa/authorize;POST;200;2023-03-14 20:03:01.007;140;144;697;1026;PASS
518;Change Password;Change user password by providing current password as End user;/g/aaa/change_password;POST;200;2023-03-14 20:03:01.182;100;103;70;24;PASS
519;Change Password;Change user password by providing current password as End user;/g/aaa/authenticate;POST;200;2023-03-14 20:03:01.301;56;58;72;587;PASS
520;Change Password;Change user password by providing current password as End user;/g/aaa/authorize;POST;200;2023-03-14 20:03:01.368;132;135;697;1026;PASS
521;Change Password;Change user password by providing current password as End user;/g/aaa/authenticate;POST;200;2023-03-14 20:03:01.538;35;37;83;587;PASS
522;Change Password;Change user password by providing current password as End user;/g/aaa/authorize;POST;200;2023-03-14 20:03:01.585;118;121;697;1608;PASS
523;Change Password;Change user password by providing current password as End user;/g/user;DELETE;200;2023-03-14 20:03:01.738;99;102;0;4;PASS
524;User Special Cases;Suite Setup;/g/aaa/authenticate;POST;200;2023-03-14 20:03:01.962;42;45;82;587;PASS
525;User Special Cases;Suite Setup;/g/aaa/authorize;POST;200;2023-03-14 20:03:02.017;2511;2514;697;2070;PASS
526;User Special Cases;Make User That Is Active;/g/user;PUT;200;2023-03-14 20:03:04.587;108;113;123;24;PASS
527;User Special Cases;Make User That Is Active;/g/aaa/change_password;POST;200;2023-03-14 20:03:04.716;80;83;49;24;PASS
528;User Special Cases;Make User That Is Active;/g/user;POST;200;2023-03-14 20:03:04.808;143;146;36;24;PASS
